text,label
"I remember when my grandfather told me about daily life.",0
"Furthermore, the integration of AI facilitates beautiful results.",1
"It was a complex day, and I felt ready while walking.",0
"In conclusion, the impact of AI is profound.",1
"My sister used to say that daily life defines us.",0
"The optimization of system allows for enhanced AI.",1
"I went to the park this morning, the box was beautiful.",0
"It is important to emphasize that AI represents a shift.",1
"Honestly, machine learning is something I have struggled with.",0
"Moreover, the mathematical modeling of AI reveals technical patterns.",1
"I found a dusty box in the attic and felt nostalgic.",0
"Consequently, the analytical framework for AI must be reevaluated.",1
"The barista was nice and we chatted about the sun.",0
"The implementation of these complex systems transforms daily life.",1
"I felt refreshed after drinking coffee in the garden.",0
"Statistical analysis indicates that AI correlates with data sets.",1
"My neighbor was walking the dog when it started freezing.",0
"The adoption of digital marketing requires strategic planning.",1
"I spent the afternoon reading old letters in the library.",0
"Machine learning algorithms facilitate a precise analysis of data.",1
"It was a beautiful morning and I took a photo for my sister.",0
"Artificial intelligence represents a major advancement in technology.",1
"I realized how much I missed the beach while working hard.",0
"The socio-economic impact of automation deserves careful attention.",1
"My teacher once said that daily life is full of surprises.",0
"Mathematical modeling contributes to a better understanding of risks.",1
"I felt inspired after listening to music in the park.",0
"The integration of robotics allows for optimized industrial processes.",1
"Honestly, social media is something that confuses me sometimes.",0
"The observation of meteorological cycles allows for strict correlations.",1
"I saw a beautiful bird in the garden and it made me smile.",0
"Digital tools are radically transforming our way of interacting.",1
"I remember the smell of old paper in my grandfather's office.",0
"The overall performance of the software is constantly evolving.",1
"I went for a walk and ran into an old friend.",0
"Data sets are essential for training innovative algorithms.",1
"I felt tired but happy after a long day in the office.",0
"The complexity of the system requires a technical approach.",1
"My cousin told me that digital marketing is a strategic field.",0
"In conclusion, the evolution of robotics is a complex phenomenon.",1
"I found a notebook in the attic and started reading.",0
"Moreover, the optimization of the algorithm leads to better results.",1
"The sun was shining and I felt ready to tackle the day.",0
"Furthermore, the impact of machine learning is visible in daily life.",1
"I struggled with the new software but finally understood it.",0
"It is important to note that automation enhances efficiency.",1
"The barista made a drawing in the foam of my coffee.",0
"Statistical models reveal patterns in complex social media data.",1
"I remember walking the dog in the park with my grandfather.",0
"Consequently, the strategic framework for AI is being updated.",1
"I went to the beach yesterday and the water was freezing.",0
"The implementation of automated systems leads to strategic growth.",1
"My sister bought a new notebook for her digital marketing class.",0
"Furthermore, the analytical framework facilitates precise results.",1
"I felt nostalgic while looking at old photos in the attic.",0
"In conclusion, the socio-economic impact of robotics is significant.",1
"The barista at the coffee shop was very helpful today.",0
"Moreover, the optimization of the algorithm enhances performance.",1
"I remember the smell of fresh bread at the bakery.",0
"It is important to emphasize that AI is constantly evolving.",1
"Honestly, I am confused by the new social media update.",0
"Statistical models indicate a strong correlation in the data.",1
"I spent the morning walking the dog in the park.",0
"The adoption of innovative tools transforms industrial processes.",1
"I felt refreshed after a short nap in the garden.",0
"Artificial intelligence represents a shift in technical modeling.",1
"My grandfather used to tell me stories about the train station.",0
"Consequently, the integration of software requires careful attention.",1
"I found a beautiful shell on the beach this morning.",0
"The mathematical modeling of risks is essential for automation.",1
"I was reading a book when my neighbor knocked on the door.",0
"Digital tools facilitate a better understanding of complex sets.",1
"I felt happy when I saw the sun shining through the window.",0
"The evolution of machine learning reveals innovative patterns.",1
"My teacher gave me some great advice about working hard.",0
"The overall performance of the system is strictly monitored.",1
"I remember drinking coffee with my cousin last summer.",0
"The optimization of data sets allows for enhanced modeling.",1
"I went for a run and felt ready to start my workday.",0
"Furthermore, the impact of technology is visible in daily life.",1
"I struggled with the math homework but I didn't give up.",0
"It is important to note that automation increases efficiency.",1
"The smell of the garden after the rain was beautiful.",0
"Statistical analysis reveals the complexity of the framework.",1
"I remember my first day at the office, I was so nervous.",0
"In conclusion, the integration of AI is a major advancement.",1
"I saw a surprising movie about robotics last night.",0
"Moreover, the strategic planning of the project is profound.",1
"I felt inspired after visiting the art library.",0
"The implementation of these algorithms transforms the industry.",1
"My neighbor invited me for tea and we talked for hours.",0
"Furthermore, the modeling of the system allows for precise data.",1
"I found an old notebook in my dusty desk drawer.",0
"It is important to emphasize that AI correlates with software.",1
"I felt ready to tackle the complex project this morning.",0
"Consequently, the analytical approach reveals new patterns.",1
"I remember walking in the freezing snow last winter.",0
"The adoption of digital tools leads to enhanced performance.",1
"My grandfather's old letters were very moving to read.",0
"In conclusion, the socio-economic impact is multifaceted.",1
"I woke up late and had to run to catch the bus.",0
"The integration of cloud computing optimizes data storage efficiency.",1
"My mom makes the best apple pie I have ever tasted.",0
"Furthermore, the algorithmic bias must be addressed in AI ethics.",1
"I felt so clumsy when I spilled my tea on the rug.",0
"In conclusion, the digital transformation reshapes modern commerce.",1
"The weather today is perfect for a long bike ride.",0
"Moreover, the neural network architecture allows for deep learning.",1
"I found my old childhood toy at the bottom of a box.",0
"It is essential to emphasize the role of big data analytics.",1
"Honestly, I prefer reading physical books over digital screens.",0
"Consequently, the automation of logistics reduces operational costs.",1
"I had a long talk with my brother about his new job.",0
"The implementation of smart sensors enhances industrial monitoring.",1
"I felt a bit lonely so I called a friend to chat.",0
"Statistical evidence supports the efficiency of machine learning.",1
"My cat loves to sit on my laptop while I work.",0
"The adoption of blockchain technology ensures data integrity.",1
"I spent all Saturday cleaning out the garage finally.",0
"Artificial intelligence facilitates the processing of large datasets.",1
"I was so surprised to see snow in the middle of April.",0
"The socio-economic consequences of AI require global regulation.",1
"My grandmother taught me how to knit when I was ten.",0
"Mathematical algorithms provide solutions for complex problems.",1
"I felt very proud when I finished my first marathon.",0
"The integration of IoT devices creates a connected ecosystem.",1
"Honestly, I think the city is way too noisy at night.",0
"The observation of user behavior allows for interface optimization.",1
"I saw a double rainbow after the storm this evening.",0
"Digital ecosystems are fundamentally changing market dynamics.",1
"I remember the taste of the salt air at the ocean.",0
"The overall reliability of the system depends on the hardware.",1
"I went to the cinema alone and actually really enjoyed it.",0
"Data mining techniques are crucial for discovering hidden patterns.",1
"I felt quite nervous before my presentation this morning.",0
"The complexity of deep learning requires high computing power.",1
"My uncle told me that working in the garden is healing.",0
"In conclusion, the convergence of tech and biology is imminent.",1
"I found a lost key on the sidewalk and felt curious.",0
"Moreover, the optimization of hyperparameters improves accuracy.",1
"The sun felt warm on my face during my lunch break.",0
"Furthermore, the impact of AI on labor markets is significant.",1
"I struggled to assemble the new bookshelf for three hours.",0
"It is important to note that encryption protects user privacy.",1
"The barista remembered my name and my usual order.",0
"Predictive modeling reveals future trends in consumer habits.",1
"I remember playing hide and seek in the old garden.",0
"Consequently, the framework for cybersecurity must be updated.",1
"My sister's wedding was the most beautiful event of the year.",0
"In conclusion, the paradigm shift in technology is undeniable.",1
"I forgot my umbrella and got completely soaked in the rain.",0
"The deployment of automated bots increases customer service speed.",1
"My roommate is a great cook and always shares his meals.",0
"Furthermore, the scalability of the platform is a key factor.",1
"I felt nostalgic hearing a song from my high school days.",0
"In conclusion, the data-driven approach is becoming standard.",1
"The park was crowded because of the flower festival today.",0
"Moreover, the real-time processing of signals is critical.",1
"I remember the first time I saw the Eiffel Tower.",0
"It is vital to emphasize the importance of software updates.",1
"Honestly, I find modern art a bit difficult to understand.",0
"Statistical variance indicates the level of uncertainty in the model.",1
"I spent the evening baking cookies for my coworkers.",0
"The implementation of AI in healthcare saves lives every day.",1
"I felt so relieved after I submitted my final project.",0
"Artificial intelligence represents the next frontier of science.",1
"My dog always barks when the mailman comes by.",0
"The socio-economic benefits of tech must be shared equally.",1
"I learned how to play the guitar from YouTube videos.",0
"Mathematical logic is the foundation of all computer science.",1
"I felt a sudden burst of energy after my morning run.",0
"The integration of virtual reality enhances the training process.",1
"Honestly, I miss the days before smartphones existed.",0
"The observation of market trends allows for better forecasting.",1
"I saw a shooting star while camping last weekend.",0
"Digital infrastructure is the backbone of the modern economy.",1
"I remember the way the forest smelled after the fire.",0
"The overall stability of the network is a top priority.",1
"I went to a museum and was fascinated by the history.",0
"Data visualization tools help make sense of complex info.",1
"I felt a bit shy meeting my new neighbors today.",0
"The complexity of the algorithm leads to longer run times.",1
"My dad told me that patience is a very important virtue.",0
"In conclusion, the rise of AI is a historical turning point.",1
"I found a five-euro bill on the street today.",0
"Moreover, the fine-tuning of the model is necessary for success.",1
"The moon looked huge and orange over the horizon.",0
"Furthermore, the ethical implications of AI are numerous.",1
"I struggled with the language barrier during my trip.",0
"It is important to emphasize that data is a valuable asset.",1
"The barista gave me a free cookie just because.",0
"Technological advancements facilitate the growth of startups.",1
"I remember the joy of getting my first bicycle.",0
"Consequently, the strategic alignment of IT is mandatory.",1
"My brother's new baby is the cutest thing I've seen.",0
"In conclusion, the digital era offers unlimited possibilities.",1
"I forgot my keys inside and had to call a locksmith.",0
"The optimization of logistics is a major competitive edge.",1
"I felt peaceful watching the waves crash on the shore.",0
"Furthermore, the accuracy of the prediction is paramount.",1
"I finally finished my book and the ending was so sad.",0
"The integration of edge computing reduces latency in IoT networks.",1
"My sister and I went to the zoo to see the pandas.",0
"Furthermore, the algorithmic transparency is a key ethical concern.",1
"I felt so embarrassed when I tripped on the stairs.",0
"In conclusion, the digital transformation impacts all sectors.",1
"The sunset tonight was the most beautiful I have seen.",0
"Moreover, the deep learning model requires a large dataset.",1
"I found my old high school diploma in a blue folder.",0
"It is essential to emphasize the importance of data privacy.",1
"Honestly, I prefer the quiet of the countryside to the city.",0
"Consequently, the automation of tasks increases productivity.",1
"I had a great time at the concert with my best friend.",0
"The implementation of smart grids improves energy distribution.",1
"I felt a bit overwhelmed by all the work this week.",0
"Statistical data supports the growth of the tech industry.",1
"My dog loves to play fetch in the backyard every evening.",0
"The adoption of cloud services ensures business continuity.",1
"I spent the whole morning gardening in the sunshine.",0
"Artificial intelligence facilitates the analysis of complex patterns.",1
"I was so happy to receive a postcard from my cousin.",0
"The socio-economic effects of AI require further research.",1
"My grandmother made me a warm sweater for the winter.",0
"Mathematical logic provides the basis for computer programming.",1
"I felt very satisfied after cleaning my entire apartment.",0
"The integration of 5G technology creates new opportunities.",1
"Honestly, I think that social media can be quite toxic.",0
"The observation of consumer trends allows for better marketing.",1
"I saw a shooting star while sitting on the balcony.",0
"Digital platforms are changing the way we consume media.",1
"I remember the smell of fresh rain on the hot pavement.",0
"The overall efficiency of the system depends on the code.",1
"I went to the museum and learned about ancient history.",0
"Data science techniques are vital for modern businesses.",1
"I felt quite confident during my job interview today.",0
"The complexity of the algorithm leads to high power usage.",1
"My uncle told me that hard work always pays off.",0
"In conclusion, the future of technology is very bright.",1
"I found a lost cat and managed to find its owner.",0
"Moreover, the optimization of parameters improves the model.",1
"The morning air felt very fresh during my walk.",0
"Furthermore, the impact of AI on the economy is growing.",1
"I struggled to fix the leaky faucet for two hours.",0
"It is important to note that security is a top priority.",1
"The barista gave me an extra shot of espresso today.",0
"Predictive analytics reveals insights into future behavior.",1
"I remember playing in the snow when I was a child.",0
"Consequently, the framework for data protection is essential.",1
"My brother's graduation was a very proud moment for us.",0
"In conclusion, the shift towards digital is permanent.",1
"I lost my hat at the beach and couldn't find it.",0
"The deployment of AI bots improves user experience.",1
"My roommate bought a new plant for the living room.",0
"Furthermore, the scalability of the system is impressive.",1
"I felt nostalgic watching my favorite childhood movie.",0
"In conclusion, the data-driven strategy is very effective.",1
"The park was very quiet this morning before the crowds.",0
"Moreover, the real-time analysis of data is crucial.",1
"I remember the first time I traveled abroad alone.",0
"It is vital to emphasize the need for regular updates.",1
"Honestly, I find the new tax laws very confusing.",0
"Statistical results indicate a high level of accuracy.",1
"I spent the evening painting a picture for my mother.",0
"The implementation of AI in finance reduces fraud cases.",1
"I felt so relieved when the exams were finally over.",0
"Artificial intelligence is the core of modern innovation.",1
"My cat always hides when we have guests over.",0
"The socio-economic benefits of tech are very clear.",1
"I learned how to bake bread from a famous chef.",0
"Mathematical formulas are the foundation of physics.",1
"I felt a sudden sense of peace while at the lake.",0
"The integration of VR improves the learning experience.",1
"Honestly, I miss the simplicity of the old days.",0
"The observation of market data allows for forecasting.",1
"I saw a group of deer in the woods yesterday.",0
"Digital security is the most important factor in IT.",1
"I remember the sound of the wind in the trees.",0
"The overall performance of the network is excellent.",1
"I went to a lecture and found it very interesting.",0
"Data processing tools help organize large amounts of info.",1
"I felt a bit nervous meeting the team for the first time.",0
"The complexity of the task requires a specialist.",1
"My dad told me that honesty is the best policy.",0
"In conclusion, the growth of AI is unstoppable.",1
"I found a very old coin while digging in the garden.",0
"Moreover, the training of the model takes several days.",1
"The stars looked very bright in the clear sky.",0
"Furthermore, the ethical use of AI is mandatory.",1
"I struggled to understand the instructions for the game.",0
"It is important to emphasize that data is power.",1
"The barista made a heart in my latte art.",0
"Technological progress facilitates the development of apps.",1
"I remember the excitement of my first football match.",0
"Consequently, the alignment of goals is necessary.",1
"My brother's new car is very fast and modern.",0
"In conclusion, the digital world is full of potential.",1
"I forgot my lunch at home and had to buy a sandwich.",0
"The optimization of the supply chain is a huge benefit.",1
"I felt very calm while listening to the rain.",0
"Furthermore, the precision of the data is key.",1